{
  "textdist": {
    "CLIP": {
      "object": [
        0.0899651050567627,
        0.1000717282295227,
        0.11390221118927002,
        0.09048742055892944,
        0.09594482183456421,
        0.08439892530441284,
        0.11405611038208008,
        0.11250472068786621,
        0.09247910976409912,
        0.10075610876083374
      ],
      "action": [
        0.06552231311798096,
        0.07935917377471924,
        0.043571650981903076,
        0.03415381908416748,
        0.05304908752441406,
        0.06244313716888428,
        0.041316866874694824,
        0.07827281951904297,
        0.05757105350494385,
        0.04541122913360596
      ]
    },
    "SigLIP2": {
      "object": [
        0.10514771938323975,
        0.11663532257080078,
        0.12523025274276733,
        0.1309720277786255,
        0.13625115156173706,
        0.09493416547775269,
        0.13707685470581055,
        0.09505689144134521,
        0.1349114179611206,
        0.08932274580001831
      ],
      "action": [
        0.06057339906692505,
        0.05380147695541382,
        0.050197720527648926,
        0.05153787136077881,
        0.06073105335235596,
        0.051785171031951904,
        0.04061925411224365,
        0.09925103187561035,
        0.06938016414642334,
        0.06024903059005737
      ]
    }
  },
  "para_sr": {
    "CLIP": {
      "object": [
        70,
        65,
        45,
        35,
        90,
        55,
        35,
        25,
        50,
        40
      ],
      "action": [
        75,
        55,
        70,
        65,
        95,
        65,
        55,
        25,
        60,
        45
      ]
    },
    "SigLIP2": {
      "object": [
        35,
        70,
        40,
        25,
        40,
        40,
        35,
        30,
        50,
        35
      ],
      "action": [
        65,
        90,
        70,
        60,
        90,
        65,
        75,
        20,
        85,
        50
      ]
    }
  },
  "correct_base": {
    "CLIP": 88.5,
    "SigLIP2": 92.0
  },
  "corr": [
    {
      "tower": "CLIP",
      "axis": "object",
      "n": 10,
      "spearman_r": 0.5106406566912542,
      "spearman_p": 0.13150199306594584,
      "pearson_r": 0.4689301158394049,
      "pearson_p": 0.17157840879931882
    },
    {
      "tower": "CLIP",
      "axis": "action",
      "n": 10,
      "spearman_r": 0.1890279043289223,
      "spearman_p": 0.60096233836,
      "pearson_r": 0.32107736902365624,
      "pearson_p": 0.3656809610546846
    },
    {
      "tower": "SigLIP2",
      "axis": "object",
      "n": 10,
      "spearman_r": -0.14290125328865674,
      "spearman_p": 0.6937091361016312,
      "pearson_r": -0.12944567188637612,
      "pearson_p": 0.7215348018387531
    },
    {
      "tower": "SigLIP2",
      "axis": "action",
      "n": 10,
      "spearman_r": 0.09146511499786562,
      "spearman_p": 0.801585518004463,
      "pearson_r": 0.6338386195588812,
      "pearson_p": 0.049084909042252885
    }
  ]
}